"Time","Yape","Plin"
"2017-01-01",0,0
"2017-02-01",0,0
"2017-03-01",0,0
"2017-04-01",0,0
"2017-05-01",0,0
"2017-06-01",0,0
"2017-07-01",0,0
"2017-08-01",0,0
"2017-09-01",0,0
"2017-10-01",0,0
"2017-11-01",0,0
"2017-12-01",0,0
"2018-01-01",0,0
"2018-02-01",0,0
"2018-03-01",0,0
"2018-04-01",0,0
"2018-05-01",0,0
"2018-06-01",0,0
"2018-07-01",0,0
"2018-08-01",0,0
"2018-09-01",0,0
"2018-10-01",0,0
"2018-11-01",0,0
"2018-12-01",0,0
"2019-01-01",0,0
"2019-02-01",0,0
"2019-03-01",0,0
"2019-04-01",0,0
"2019-05-01",0,0
"2019-06-01",0,0
"2019-07-01",0,0
"2019-08-01",0,0
"2019-09-01",0,0
"2019-10-01",0,0
"2019-11-01",0,0
"2019-12-01",0,0
"2020-01-01",0,0
"2020-02-01",0,0
"2020-03-01",0,0
"2020-04-01",0,0
"2020-05-01",0,0
"2020-06-01",0,0
"2020-07-01",0,0
"2020-08-01",0,0
"2020-09-01",0,0
"2020-10-01",0,0
"2020-11-01",0,0
"2020-12-01",0,0
"2021-01-01",0,0
"2021-02-01",4,0
"2021-03-01",0,0
"2021-04-01",1,0
"2021-05-01",0,0
"2021-06-01",3,0
"2021-07-01",8,0
"2021-08-01",10,0
"2021-09-01",14,0
"2021-10-01",35,0
"2021-11-01",26,0
"2021-12-01",29,0
"2022-01-01",33,0
"2022-02-01",35,0
"2022-03-01",30,0
"2022-04-01",31,0
"2022-05-01",33,0
"2022-06-01",36,0
"2022-07-01",42,0
"2022-08-01",43,0
"2022-09-01",37,0
"2022-10-01",39,0
"2022-11-01",45,0
"2022-12-01",44,0
"2023-01-01",48,0
"2023-02-01",54,0
"2023-03-01",46,0
"2023-04-01",62,0
"2023-05-01",57,0
"2023-06-01",52,0
"2023-07-01",58,1
"2023-08-01",59,10
"2023-09-01",54,10
"2023-10-01",54,10
"2023-11-01",60,11
"2023-12-01",62,13
"2024-01-01",72,11
"2024-02-01",63,12
"2024-03-01",64,11
"2024-04-01",74,11
"2024-05-01",60,11
"2024-06-01",61,12
"2024-07-01",78,13
"2024-08-01",63,13
"2024-09-01",55,11
"2024-10-01",61,13
"2024-11-01",58,14
"2024-12-01",72,12
"2025-01-01",68,11
"2025-02-01",67,11
"2025-03-01",68,12
"2025-04-01",61,11
"2025-05-01",62,11
"2025-06-01",61,10
"2025-07-01",73,12
"2025-08-01",76,10
"2025-09-01",69,11
"2025-10-01",75,12
"2025-11-01",81,12
"2025-12-01",90,11
"2026-01-01",84,11
"2026-02-01",83,13
"2026-03-01",79,12
"2026-04-01",84,11
"2026-05-01",89,13
"2026-06-01",78,11
"2026-07-01",90,11
"2026-08-01",99,14
"2026-09-01",91,13
"2026-10-01",100,13